# Chinese name diminutives and variants
# Format: formal_name,nickname1,nickname2,...

# Male names
伟,小伟,阿伟,伟仔
强,小强,阿强,强仔
明,小明,阿明,明仔
华,小华,阿华,华仔
建,小建,阿建,建仔
国,小国,阿国,国仔
军,小军,阿军,军仔
峰,小峰,阿峰,峰仔
磊,小磊,阿磊,磊仔
勇,小勇,阿勇,勇仔
涛,小涛,阿涛,涛仔
超,小超,阿超,超仔
斌,小斌,阿斌,斌仔
辉,小辉,阿辉,辉仔
刚,小刚,阿刚,刚仔
鹏,小鹏,阿鹏,鹏仔
飞,小飞,阿飞,飞仔
凯,小凯,阿凯,凯仔
杰,小杰,阿杰,杰仔
亮,小亮,阿亮,亮仔
龙,小龙,阿龙,龙仔
志,小志,阿志,志仔
鑫,小鑫,阿鑫,鑫仔
海,小海,阿海,海仔
东,小东,阿东,东仔
南,小南,阿南,南仔
阳,小阳,阿阳,阳仔
春,小春,阿春,春仔
浩,小浩,阿浩,浩仔
天,小天,阿天,天仔
文,小文,阿文,文仔
武,小武,阿武,武仔
康,小康,阿康,康仔
健,小健,阿健,健仔
宏,小宏,阿宏,宏仔
俊,小俊,阿俊,俊仔
豪,小豪,阿豪,豪仔
凌,小凌,阿凌,凌仔
博,小博,阿博,博仔

# Female names
丽,小丽,阿丽,丽丽
红,小红,阿红,红红
霞,小霞,阿霞,霞霞
燕,小燕,阿燕,燕燕
娟,小娟,阿娟,娟娟
芳,小芳,阿芳,芳芳
梅,小梅,阿梅,梅梅
玲,小玲,阿玲,玲玲
静,小静,阿静,静静
敏,小敏,阿敏,敏敏
艳,小艳,阿艳,艳艳
萍,小萍,阿萍,萍萍
莉,小莉,阿莉,莉莉
兰,小兰,阿兰,兰兰
英,小英,阿英,英英
慧,小慧,阿慧,慧慧
雪,小雪,阿雪,雪雪
琳,小琳,阿琳,琳琳
颖,小颖,阿颖,颖颖
洁,小洁,阿洁,洁洁
秀,小秀,阿秀,秀秀
美,小美,阿美,美美
花,小花,阿花,花花
月,小月,阿月,月月
宁,小宁,阿宁,宁宁
雨,小雨,阿雨,雨雨
婷,小婷,阿婷,婷婷
晶,小晶,阿晶,晶晶
欣,小欣,阿欣,欣欣
倩,小倩,阿倩,倩倩
娜,小娜,阿娜,娜娜
瑶,小瑶,阿瑶,瑶瑶
蕾,小蕾,阿蕾,蕾蕾
薇,小薇,阿薇,薇薇
珍,小珍,阿珍,珍珍
琴,小琴,阿琴,琴琴
云,小云,阿云,云云
凤,小凤,阿凤,凤凤
露,小露,阿露,露露
佳,小佳,阿佳,佳佳

# Romanized versions
wei,david,dave,wai
ming,mike,michael,ming
hua,howard,howie
jian,john,johnny
jun,june,junior
lei,larry,leo
tao,tony,thomas
chao,charlie,charles
bin,ben,benny
hui,henry,harry
gang,gary,george
peng,peter,paul
fei,philip,phil
kai,kevin,kyle
jie,jack,jeff
liang,larry,leon
long,leon,logan
zhi,jerry,jimmy
hai,henry,howard
dong,don,donald
yang,young,yan
chun,chester,chuck
hao,howard,hero
tian,tim,tommy
wen,wayne,wendell
wu,woody,walter
kang,kent,kenny
jian,ken,kenneth
hong,hong,hugo
jun,jason,justin
hao,henry,howard
ling,lynn,linda
bo,bob,bobby

li,lily,lee,lisa
hong,helen,holly
xia,sherry,sheila
yan,yvonne,nancy
juan,jane,joanna
fang,fanny,faith
mei,may,mary
ling,lynn,linda
jing,jenny,jean
min,minnie,mina
yan,yvonne,anna
ping,penny,peggy
li,lily,lee
lan,lynn,lana
ying,winnie,ina
hui,helen,huey
xue,snow,sue
lin,lynn,linda
ying,winnie,ina
jie,jenny,jane
xiu,sue,sherry
mei,may,mary
hua,flower,eva
yue,luna,eva
ning,nina,nancy
yu,ruby,jade
ting,tina,teresa
jing,jenny,crystal
xin,cindy,sina
qian,jean,jenny
na,anna,nina
yao,yoyo,ava
lei,lily,layla
wei,vivian,vivi
zhen,jen,jane
qin,jean,queenie
yun,winnie,luna
feng,phoenix,fanny
lu,lucy,lulu
jia,joy,gina 